<?xml version="1.0" encoding="UTF-8" standalone="yes"?>

				<!--// Kodi Balkan Green Repository \\-->
	
<addon 
  id="repository.kodibalkan" 
  name="[COLOR=white]Kodi[/COLOR] [COLOR=lime]Balkan Green[/COLOR] [COLOR=white]Repository[/COLOR]" 
  version="2.2.3" 
  provider-name="Kodi Balkan Green">
	<extension point="xbmc.addon.repository" 
    name="[COLOR=white]Kodi[/COLOR] [COLOR=lime]Balkan Green[/COLOR] [COLOR=white]Repository[/COLOR]">
				<info compressed="false">http://blackeye.drycloth.org/repo/kodibalkan-repo-addons/addons.xml</info>
				<checksum>http://blackeye.drycloth.org/repo/kodibalkan-repo-addons/addons.xml.md5</checksum>
				<datadir zip="true">http://blackeye.drycloth.org/repo/kodibalkan-repo-addons/addoni-u-repu/</datadir>
	</extension>
	<extension point="xbmc.addon.metadata">
		<summary lang="hr_HR">Kodi Balkan Green Repozitorij. [COLOR=cyan]Facebook[/COLOR] Grupa: [COLOR=lime]Balkan Green[/COLOR] - [COLOR=cyan]Web Site[/COLOR] [COLOR=lime]kodibalkan.org[/COLOR]</summary>
		<summary lang="en_GB">Kodi Balkan Green Repository. [COLOR cyan]Facebook[/COLOR] Group: [COLOR=lime]Balkan Green[/COLOR] - [COLOR=cyan]Web Site[/COLOR] [COLOR=lime]kodibalkan.org[/COLOR]</summary>
		<description lang="hr_HR">Kodi Balkan Green Repositorij. Besplatan IPTV add-on, kids add-on i ostali dodatci potrebni za koristenje Kodi aplikacije. [COLOR=cyan]Facebook[/COLOR] Grupa: [COLOR=lime]Balkan Green[/COLOR] - [COLOR=cyan]Web Site[/COLOR] [COLOR=lime]kodibalkan.org[/COLOR]</description>
		<description lang="en_GB">Kodi Balkan Green Repository. Free IPTV add-on, kids add-on and other addon's needed for use the Kodi aplications. [COLOR cyan]Facebook[/COLOR] Group: [COLOR=lime]Balkan Green[/COLOR] - [COLOR=cyan]Web Site[/COLOR] [COLOR=lime]kodibalkan.org[/COLOR]</description>
		<news lang="hr_HR">Nova verzija [COLOR=white]Kodi[/COLOR] [COLOR=lime]Balkan Green[/COLOR] [COLOR=white]Repositorij[/COLOR]-a. Verzija: 2..2.3 Dodani novi addoni, ispravljeni nedostatci, izmijenjen izgled i funkcionalnost Repositorija. [COLOR=cyan]Facebook[/COLOR] Grupa: [COLOR=lime]Balkan Green[/COLOR] - [COLOR=cyan]Web Site[/COLOR] [COLOR=lime]kodibalkan.org[/COLOR]</news>
        <news lang="en_GB">New version of the [COLOR=white]Kodi[/COLOR] [COLOR=lime]Balkan Green[/COLOR] [COLOR=white]Repository[/COLOR]. Version: 2..2.3 Added new addons, fixed bugs, changed layout and functionality of Repository. [COLOR cyan]Facebook[/COLOR] Group: [COLOR=lime]Balkan Green[/COLOR] - [COLOR=cyan]Web Site[/COLOR] [COLOR=lime]kodibalkan.org[/COLOR]</news>
		<disclaimer lang="hr_HR">Autor ovog repozitorija ne sadrzi bilo koji sadrzaj koji se nalazi i nema vezu s bilo kojim davateljima sadrzaja. Koristite na vlastiti rizik! [COLOR cyan]Facebook[/COLOR] Grupa: [COLOR=lime]Balkan Green[/COLOR] - [COLOR=cyan]Web Site[/COLOR] [COLOR=lime]kodibalkan.org[/COLOR]</disclaimer>
		<disclaimer lang="en_GB">Author of this repository does not contain any content and has no connection with any content provider. Use at your own risk! [COLOR cyan]Facebook[/COLOR] Group: [COLOR=lime]Balkan Green[/COLOR] - [COLOR=cyan]Web Site[/COLOR] [COLOR=lime]kodibalkan.org[/COLOR]</disclaimer>
			<platform>all</platform>
			<website>http://kodibalkan.org</website>
	</extension>
</addon>



